DEGs,r2mean,r2mean_top20,r2mean_top100,r2mean_all_boostrap_mean,r2mean_top20_boostrap_mean,r2mean_top100_boostrap_mean,cell_type_test,average_mean_expressed_diff,average_fractions_diff,average_mean_degs20_diff,average_mean_degs100_diff,edistance,wasserstein,euclidean,mean_pairwise,mmd
5,0.908,0.845,0.785,0.907228048713042,0.8539972826853596,0.827384035592789,Hepatocytes - portal,0.82516795,0.29534688214216254,0.53386414,0.56596947,0.9862955584080739,0.9264086838384917,0.9931244,0.96224946,0.9862952337139499
13,0.899,0.848,0.897,0.899234929672225,0.8759499282719453,0.840905000821409,Hepatocytes - portal,0.7328395,0.1653006691579294,0.37509233,0.53663146,1.3766807371372742,1.0326184380124885,1.1733207,1.0114939,1.3766796161534467
36,0.947,0.834,0.63,0.9464133011438394,0.7990745477338179,0.8409140298305557,Hepatocytes - portal,0.76262474,0.19493541171831816,0.41094226,0.49736434,0.6389363652995718,0.9150230696438187,0.79933494,0.9527868,0.6389353272883799
20,0.924,0.918,0.966,0.9237438856102365,0.9551589677409927,0.9000742414480741,Hepatocytes - portal,0.8503413,0.28093970268938045,0.4598023,0.58467704,0.7853342971817149,1.029758357134827,0.8861909,1.0012647,0.7853347423592185
41,0.947,0.929,0.968,0.9459127554550016,0.9658941681686849,0.9147868816337151,Hepatocytes - portal,0.77571607,0.19411319218050063,0.45909706,0.54698807,0.6505537122539746,0.8415285577479136,0.80656856,0.9118286,0.6505528458289201
51,0.937,0.935,0.964,0.9366956732075107,0.9636177600386832,0.929012981745453,Hepatocytes - portal,0.74551064,0.18461650220758796,0.39901957,0.5318824,0.8673814215102179,0.8279865494998314,0.931334,0.9120959,0.867380832575013
18,0.848,0.843,0.945,0.8478609532468314,0.9449902321461598,0.8306084869120894,Hepatocytes - portal,0.8017949,0.36116199484720424,0.6074633,0.6599406,0.7810262777038723,0.8833994874547615,0.8837556,0.94062614,0.7810250733817173
42,0.729,0.848,0.902,0.7286762987392947,0.9111782436217394,0.8496499266551115,Hepatocytes - portal,0.77179086,0.20792591479073244,0.62140304,0.7333332,2.669531476085915,2.435858180779059,1.6338701,1.5030012,2.6695278409279166
