DEGs,r2mean,r2mean_top20,r2mean_top100,r2mean_all_boostrap_mean,r2mean_top20_boostrap_mean,r2mean_top100_boostrap_mean,cell_type_test,average_mean_expressed_diff,average_fractions_diff,average_mean_degs20_diff,average_mean_degs100_diff,dose,experiment
22,0.694,0.76,0.865,0.6931375373854338,0.8715316507540081,0.7640600761611901,Hepatocytes - portal,0.76562846,0.172689880815836,0.7605929,0.7840752,30.0,dosage_30
7,0.608,0.733,0.854,0.6081192853238032,0.860919741442072,0.7407748420595162,Hepatocytes - portal,0.7398793,0.14524907033916024,0.8225972,0.8245195,30.0,dosage_30_adjusted_lr
1,0.0,0.014,0.008,0.00044173232425813913,0.011757510318224583,0.010292881754677663,Hepatocytes - portal,0.89645755,0.4896051281062284,0.970289,0.9547858,30.0,dosage_no_adversarial
7,0.637,0.692,0.832,0.6366793343599747,0.833653084812899,0.6977412362314138,Hepatocytes - portal,0.7523242,0.15063151955241483,0.8191383,0.8053714,30.0,dosage_no_adversarial
