experiment,cell_type_test,DEGs,r2mean_all_boostrap_mean,r2mean_top20_boostrap_mean,r2mean_top100_boostrap_mean
dosage_30,Hepatocytes - portal,5.0,0.6801117630754105,0.8479356950334831,0.6232577950646737
dosage_30,Hepatocytes - portal,22.0,0.6931375373854338,0.8715316507540081,0.7640600761611901
dosage_30_adjusted_lr,Hepatocytes - portal,7.0,0.6081192853238032,0.860919741442072,0.7407748420595162
dosage_no_adversarial,Hepatocytes - portal,1.0,0.00044173232425813913,0.011757510318224583,0.010292881754677663
dosage_no_adversarial,Hepatocytes - portal,7.0,0.6366793343599747,0.833653084812899,0.6977412362314138
